library code, book name, book's writer
SC80314,বুখারী শরীফ - পঞ্চম খণ্ড /,ইমাম মুহাম্মদ ইবনে ইসমাইল বোখারী (র)
SC80847,মেশকাত শরীফ /,মাওলানা নূর মোহাম্মদ আজমী রহ.
SC80869,রিয়াদুস সালিহীন - প্রথম খণ্ড /,ইমাম মুহিউদ্দীন ইয়াহইয়া আন-নববী (রহ.)
SC80888,সহীহ্‌ মুসলিম শরীফ (সকল খণ্ড একত্রে) /,ইমাম আবুল হুসাইন মুসলিম বিন আল হাজ্জাজ কুশায়রী (র)
SC80889,সহীহ্‌ মুসলিম শরীফ (সকল খণ্ড একত্রে) /,ইমাম আবুল হুসাইন মুসলিম বিন আল হাজ্জাজ কুশায়রী (র)
SC80877,হযরত শাহজালাল ও হযরত শাহপরান (র.)-এর আশ্চার্য কেরামতসহ জীবনী /,মোঃ মোস্তফা জামান
SC80878,হযরত শাহজালাল ও হযরত শাহপরান (র.)-এর আশ্চার্য কেরামতসহ জীবনী /,মোঃ মোস্তফা জামান
SC80879,হযরত শাহজালাল ও হযরত শাহপরান (র.)-এর আশ্চার্য কেরামতসহ জীবনী /,মোঃ মোস্তফা জামান
SC80880,হযরত শাহজালাল ও হযরত শাহপরান (র.)-এর আশ্চার্য কেরামতসহ জীবনী /,মোঃ মোস্তফা জামান
SC80881,হযরত শাহজালাল ও হযরত শাহপরান (র.)-এর আশ্চার্য কেরামতসহ জীবনী /,মোঃ মোস্তফা জামান
SC80837,বোখারী শরীফ (১-১০ খণ্ড একত্রে) /,ইমাম মুহাম্মদ ইবনে ইসমাইল বোখারী (র)
SC80838,বোখারী শরীফ (১-১০ খণ্ড একত্রে) /,ইমাম মুহাম্মদ ইবনে ইসমাইল বোখারী (র)
SC80692,হযরত শাহ্ জালাল (র.) ও হযরত শাহ্ পরান (র.)-এঁর সিলেট /,আলহাজ মাহবুবুল আলম মিলন
SC80693,হযরত শাহ্ জালাল (র.) ও হযরত শাহ্ পরান (র.)-এঁর সিলেট /,আলহাজ মাহবুবুল আলম মিলন
SC80702,মুসলিম সভ্যতার ১০০১ আবিষ্কার /,সেলিম টি এস আল-হাসসানি
SC80703,মুসলিম সভ্যতার ১০০১ আবিষ্কার /,সেলিম টি এস আল-হাসসানি
SC80814,ফিকহুল বুয়ু :,শাইখুল ইসলাম মুফতী মুহাম্মাদ তাকী উসমানী
SC80882,নবিজির হাদিসের দরসে ১ম খণ্ড /,হযরত মাওলানা মোহাম্মদ মনযূর নোমানী (রহ.)
SC80823,তাফসীর ইবনে কাছীর :,আল্লামা ইমাদুদ্দীন ইবনে কাছীর (রহঃ)
SC80824,তাফসীর ইবনে কাছীর :,আল্লামা ইমাদুদ্দীন ইবনে কাছীর (রহঃ)
SC80835,তাফসীরে ইবনে কাছীর :,আল্লামা ইমাদুদ্দীন ইবনে কাছীর (রহঃ)
SC80836,তাফসীরে ইবনে কাছীর :,আল্লামা ইমাদুদ্দীন ইবনে কাছীর (রহঃ)
SC80833,তাফসীরে ইবনে কাছীর ৬ষ্ঠ খণ্ড :,আল্লামা ইমাদুদ্দীন ইবনে কাছীর (রহঃ)
SC80834,তাফসীরে ইবনে কাছীর ৬ষ্ঠ খণ্ড :,আল্লামা ইমাদুদ্দীন ইবনে কাছীর (রহঃ)
SC80831,তাফসীরে ইবনে কাছীর পঞ্চম খণ্ড :,আল্লামা ইমাদুদ্দীন ইবনে কাছীর (রহঃ)
SC80832,তাফসীরে ইবনে কাছীর পঞ্চম খণ্ড :,আল্লামা ইমাদুদ্দীন ইবনে কাছীর (রহঃ)
SC80825,তাফসীরে ইবনে কাছীর দ্বিতীয় খণ্ড :,আল্লামা ইমাদুদ্দীন ইবনে কাছীর (রহঃ)
SC80826,তাফসীরে ইবনে কাছীর দ্বিতীয় খণ্ড :,আল্লামা ইমাদুদ্দীন ইবনে কাছীর (রহঃ)
SC80827,তাফসীরে ইবনে কাছীর তৃতীয় খণ্ড :,আল্লামা ইমাদুদ্দীন ইবনে কাছীর (রহঃ)
SC80828,তাফসীরে ইবনে কাছীর তৃতীয় খণ্ড :,আল্লামা ইমাদুদ্দীন ইবনে কাছীর (রহঃ)
SC80829,তাফসীর ইবনে কাছীর - চতুর্থ খণ্ড :,আল্লামা ইমাদুদ্দীন ইবনে কাছীর (রহঃ)
SC80830,তাফসীর ইবনে কাছীর - চতুর্থ খণ্ড :,আল্লামা ইমাদুদ্দীন ইবনে কাছীর (রহঃ)
SC80870,রিয়াদুস সালিহীন - প্রথম খণ্ড /,ইমাম মুহিউদ্দীন ইয়াহইয়া আন-নববী (রহ.)
SC80871,রিয়াদুস সালিহীন - দ্বিতীয় খণ্ড /,ইমাম মুহিউদ্দীন ইয়াহইয়া আন-নববী (রহ.)
SC80872,রিয়াদুস সালিহীন - দ্বিতীয় খণ্ড /,ইমাম মুহিউদ্দীন ইয়াহইয়া আন-নববী (রহ.)
SC80873,রিয়াদুস সালেহীন - তৃতীয় খণ্ড /,ইমাম মুহিউদ্দীন ইয়াহইয়া আন-নববী (রহ.)
SC80874,রিয়াদুস সালেহীন - তৃতীয় খণ্ড /,ইমাম মুহিউদ্দীন ইয়াহইয়া আন-নববী (রহ.)
SC80875,রিয়াদুস সালিহীন - চতুর্থ খণ্ড /,ইমাম মুহিউদ্দীন ইয়াহইয়া আন-নববী (রহ.)
SC80876,রিয়াদুস সালিহীন - চতুর্থ খণ্ড /,ইমাম মুহিউদ্দীন ইয়াহইয়া আন-নববী (রহ.)
SC80883,নবিজির হাদিসের দরসে ১ম খণ্ড /,হযরত মাওলানা মোহাম্মদ মনযূর নোমানী (রহ.)
SC80884,নবিজির হাদিসের দরসে ২য় খণ্ড /,হযরত মাওলানা মোহাম্মদ মনযূর নোমানী (রহ.)
SC80885,নবিজির হাদিসের দরসে ২য় খণ্ড /,হযরত মাওলানা মোহাম্মদ মনযূর নোমানী (রহ.)
SC80890,বিষয়ভিত্তিক হাদীসে কুদসী সমগ্র /,আল্লামা মুহাম্মদ নাসীরুদ্দীন আলবানী (রহঃ)
SC80891,বিষয়ভিত্তিক হাদীসে কুদসী সমগ্র /,আল্লামা মুহাম্মদ নাসীরুদ্দীন আলবানী (রহঃ)
SC80813,ফিকহুল বুয়ু :,শাইখুল ইসলাম মুফতী মুহাম্মাদ তাকী উসমানী
SC80811,ফিকহুল বুয়ু :,শাইখুল ইসলাম মুফতী মুহাম্মাদ তাকী উসমানী
SC80812,ফিকহুল বুয়ু :,শাইখুল ইসলাম মুফতী মুহাম্মাদ তাকী উসমানী
SC80809,ফিকহুল বুয়ু :,শাইখুল ইসলাম মুফতী মুহাম্মাদ তাকী উসমানী
SC80810,ফিকহুল বুয়ু :,শাইখুল ইসলাম মুফতী মুহাম্মাদ তাকী উসমানী
SC80848,মেশকাত শরীফ /,মাওলানা নূর মোহাম্মদ আজমী রহ.
SC80849,মেশকাত শরীফ ২ /,মাওলানা নূর মোহাম্মদ আজমী রহ.
SC80850,মেশকাত শরীফ ২ /,মাওলানা নূর মোহাম্মদ আজমী রহ.
SC80851,মেশকাত শরীফ ৩ /,মাওলানা নূর মোহাম্মদ আজমী রহ.
SC80852,মেশকাত শরীফ ৩ /,মাওলানা নূর মোহাম্মদ আজমী রহ.
SC80853,মেশকাত শরীফ ৪ /,মাওলানা নূর মোহাম্মদ আজমী রহ.
SC80854,মেশকাত শরীফ ৪ /,মাওলানা নূর মোহাম্মদ আজমী রহ.
SC80855,মেশকাত শরীফ ৫ /,মাওলানা নূর মোহাম্মদ আজমী রহ.
SC80856,মেশকাত শরীফ ৫ /,মাওলানা নূর মোহাম্মদ আজমী রহ.
SC80857,মেশকাত শরীফ ৬ /,মাওলানা নূর মোহাম্মদ আজমী রহ.
SC80858,মেশকাত শরীফ ৬ /,মাওলানা নূর মোহাম্মদ আজমী রহ.
SC80859,মেশকাত শরীফ ৭ /,মাওলানা আফলাতুন কায়সার
SC80860,মেশকাত শরীফ ৭ /,মাওলানা আফলাতুন কায়সার
SC80861,মেশকাত শরীফ ৮ /,মাওলানা আফলাতুন কায়সার
SC80862,মেশকাত শরীফ ৮ /,মাওলানা আফলাতুন কায়সার
SC80863,মেশকাত শরীফ ৯ /,মাওলানা আফলাতুন কায়সার
SC80864,মেশকাত শরীফ ৯ /,মাওলানা আফলাতুন কায়সার
SC80865,মেশকাত শরীফ ১০ /,মাওলানা আফলাতুন কায়সার
SC80866,মেশকাত শরীফ ১০ /,মাওলানা আফলাতুন কায়সার
SC80867,মেশকাত শরীফ ১১ /,মাওলানা আফলাতুন কায়সার
SC80868,মেশকাত শরীফ ১১ /,মাওলানা আফলাতুন কায়সার
SC80915,বুখারী শরীফ - পঞ্চম খণ্ড /,ইমাম মুহাম্মদ ইবনে ইসমাইল বোখারী (র)
SC80916,বুখারী শরীফ - ষষ্ঠ খণ্ড /,ইমাম মুহাম্মদ ইবনে ইসমাইল বোখারী (র)
SC80917,বুখারী শরীফ - ষষ্ঠ খণ্ড /,ইমাম মুহাম্মদ ইবনে ইসমাইল বোখারী (র)
SC80918,বুখারী শরীফ - ৭ম খণ্ড /,ইমাম মুহাম্মদ ইবনে ইসমাইল বোখারী (র)
SC80919,বুখারী শরীফ - ৭ম খণ্ড /,ইমাম মুহাম্মদ ইবনে ইসমাইল বোখারী (র)
SC80906,বুখারী শরীফ - ১ম খণ্ড /,ইমাম মুহাম্মদ ইবনে ইসমাইল বোখারী (র)
SC80907,বুখারী শরীফ - ১ম খণ্ড /,ইমাম মুহাম্মদ ইবনে ইসমাইল বোখারী (র)
SC80908,বুখারী শরীফ - ২য় খণ্ড /,ইমাম মুহাম্মদ ইবনে ইসমাইল বোখারী (র)
SC80909,বুখারী শরীফ - ২য় খণ্ড /,ইমাম মুহাম্মদ ইবনে ইসমাইল বোখারী (র)
SC80910,বুখারী শরীফ - ৩য় খণ্ড /,ইমাম মুহাম্মদ ইবনে ইসমাইল বোখারী (র)
SC80911,বুখারী শরীফ - ৩য় খণ্ড /,ইমাম মুহাম্মদ ইবনে ইসমাইল বোখারী (র)
SC80912,বুখারী শরীফ - ৪র্থ খণ্ড /,ইমাম মুহাম্মদ ইবনে ইসমাইল বোখারী (র)
SC80913,বুখারী শরীফ - ৪র্থ খণ্ড /,ইমাম মুহাম্মদ ইবনে ইসমাইল বোখারী (র)
SC80922,বুখারী শরীফ - ৯ম খণ্ড /,ইমাম মুহাম্মদ ইবনে ইসমাইল বোখারী (র)
SC80923,বুখারী শরীফ - ৯ম খণ্ড /,ইমাম মুহাম্মদ ইবনে ইসমাইল বোখারী (র)
SC80924,বুখারী শরীফ - ১০ম খণ্ড /,ইমাম মুহাম্মদ ইবনে ইসমাইল বোখারী (র)
SC80925,বুখারী শরীফ - ১০ম খণ্ড /,ইমাম মুহাম্মদ ইবনে ইসমাইল বোখারী (র)
SC80886,শামায়েলে তিরমিযী সকল খন্ড একত্রে /,ইমাম আবু ঈসা মুহাম্মদ ইবনে ঈসা আত তিরমিযী (রহঃ)
SC80887,শামায়েলে তিরমিযী সকল খন্ড একত্রে /,ইমাম আবু ঈসা মুহাম্মদ ইবনে ঈসা আত তিরমিযী (রহঃ)
SC80704,দুআ বিশ্বকোষ :,ইমাম মুহিউদ্দীন ইয়াহইয়া আন-নববী (রহ.)
SC80705,দুআ বিশ্বকোষ :,ইমাম মুহিউদ্দীন ইয়াহইয়া আন-নববী (রহ.)
SC80920,বুখারী শরীফ - ৮ম খণ্ড /,ইমাম মুহাম্মদ ইবনে ইসমাইল বোখারী (র)
SC80921,বুখারী শরীফ - ৮ম খণ্ড /,ইমাম মুহাম্মদ ইবনে ইসমাইল বোখারী (র)
SC80629,মুক্তমঞ্চ /,"তুরুকখলী, আব্দুল হান্নান"
SC80630,মুক্তমঞ্চ /,"তুরুকখলী, আব্দুল হান্নান"
SC80631,মুক্তমঞ্চ /,"তুরুকখলী, আব্দুল হান্নান"
SC80895,হযরত শাহজালাল (রঃ) এর পূণ্যভূমি সিলেট :,"হেলাল, ময়নুল হক চৌধুরী"
SC80892,প্রিয় নবীর সুন্নাতসমূহ /,মাওলানা হাকীম মুহাম্মদ আখতার ছাহেব (রহ.)
SC80893,প্রিয় নবীর সুন্নাতসমূহ /,মাওলানা হাকীম মুহাম্মদ আখতার ছাহেব (রহ.)
SC80894,প্রিয় নবীর সুন্নাতসমূহ /,মাওলানা হাকীম মুহাম্মদ আখতার ছাহেব (রহ.)
SC80902,গরীবুল হাদীস /,"রহমান, মুফতী মুহাম্মদ মানজুরুর"
SC80903,গরীবুল হাদীস /,"রহমান, মুফতী মুহাম্মদ মানজুরুর"
SC80898,উসূলুল হাদীসের ইতিবৃত্ত /,"রহমান, মুফতী মুহাম্মদ মানজুরুর"
SC80899,উসূলুল হাদীসের ইতিবৃত্ত /,"রহমান, মুফতী মুহাম্মদ মানজুরুর"
SC80690,কালিমার গোপন রহস্য ইমানের পরিচয় /,"আহ্‌মাদ, মোস্তাক"
SC80691,কালিমার গোপন রহস্য ইমানের পরিচয় /,"আহ্‌মাদ, মোস্তাক"
SC80896,মাউযু' হাদীস বা প্রচলিত জাল হাদীস :,"রহমান, মুফতী মুহাম্মদ মানজুরুর"
SC80897,মাউযু' হাদীস বা প্রচলিত জাল হাদীস :,"রহমান, মুফতী মুহাম্মদ মানজুরুর"
SC80904,বিদআত :,মাওলানা মুফতী সায়্যিদ আবদুর রহীম লাজপূরী রহ
SC80905,বিদআত :,মাওলানা মুফতী সায়্যিদ আবদুর রহীম লাজপূরী রহ
SC80900,আলফিয়্যাতুল হাদীস :,মাওলানা নূর মোহাম্মদ আজমী রহ.
SC80901,আলফিয়্যাতুল হাদীস :,মাওলানা নূর মোহাম্মদ আজমী রহ.
SC80839,তাফসীরে ইবনে কাছীর ২য় খণ্ড :,আল্লামা ইমাদুদ্দীন ইবনে কাছীর (রহঃ)
SC80840,তাফসীরে ইবনে কাছীর ২য় খণ্ড :,আল্লামা ইমাদুদ্দীন ইবনে কাছীর (রহঃ)
SC81080,সুনানে ইবনে মাজাহ (সকল খন্ড একত্রে) /,আবু আবদুল্লাহ মুহাম্মদ ইবনে ইয়াজিদ ইবনে মাজাহ আল-কাযবীনী (রহ.)
SC81081,সুনানে ইবনে মাজাহ (সকল খন্ড একত্রে) /,আবু আবদুল্লাহ মুহাম্মদ ইবনে ইয়াজিদ ইবনে মাজাহ আল-কাযবীনী (রহ.)
SC81082,মছনবী শরীফ (সব খণ্ড একত্রে) /,মাওলানা জালাল উদ্দিন রূমী (রহঃ)
SC81083,মছনবী শরীফ (সব খণ্ড একত্রে) /,মাওলানা জালাল উদ্দিন রূমী (রহঃ)
SC81013,ইমাম গাযালীর চিঠি /,হুজ্জাতুল ইসলাম ইমাম গাযযালী রহ
SC81014,ইমাম গাযালীর চিঠি /,হুজ্জাতুল ইসলাম ইমাম গাযযালী রহ
SC81153,অর্থনৈতিক সমস্যা সমাধানে যাকাতের ভূমিকা /,ড. ইউসুফ আল কারজাভি
SC81154,অর্থনৈতিক সমস্যা সমাধানে যাকাতের ভূমিকা /,ড. ইউসুফ আল কারজাভি
SC81021,অর্থনৈতিক সমস্যা সমাধানে যাকাতের ভূমিকা /,হুজ্জাতুল ইসলাম ইমাম গাযযালী রহ.
SC81022,অর্থনৈতিক সমস্যা সমাধানে যাকাতের ভূমিকা /,হুজ্জাতুল ইসলাম ইমাম গাযযালী রহ.
SC81147,মহাবিশ্বে কুরআন ও বিজ্ঞান /,গোলাম মোহাম্মাদ
SC81148,মহাবিশ্বে কুরআন ও বিজ্ঞান /,গোলাম মোহাম্মাদ
SC81023,কুরআন ও আধুনিক বিজ্ঞান :,
SC81024,কুরআন ও আধুনিক বিজ্ঞান :,
SC81070,মরনের আগে ও পরে /,হুজ্জাতুল ইসলাম ইমাম গাযযালী রহ.
SC81071,মরনের আগে ও পরে /,হুজ্জাতুল ইসলাম ইমাম গাযযালী রহ.
SC81050,"কাসাসুল কুরআন-১ (হযরত আদম, ইদরিস নুহ, হুদ, সালেহ (আ.)) /",মাওলানা হিফযুর রহমান সিওহারবী রহ.
SC81051,"কাসাসুল কুরআন-২ (হযরত ইবরাহিম, ইসমাইল, ইসহাক, লুত, ইয়াকুব (আ.)) /",মাওলানা হিফযুর রহমান সিওহারবী রহ.
SC81052,"কাসাসুল কুরআন-৩ (হযরত ইউসুফ, শুআইব (আ.)) /",মাওলানা হিফযুর রহমান সিওহারবী রহ.
SC81053,কাসাসুল কুরআন-৪ (হযরত মুসা ও হারুন (আ.)) /,মাওলানা হিফযুর রহমান সিওহারবী রহ.
SC81054,"কাসাসুল কুরআন-৫ (হযরত দাউদ, ইউশা বিন নুন, হিযকিল, ইলয়াস, আল-ইয়াসাআ, শামাবিল (আ.)) /",মাওলানা হিফযুর রহমান সিওহারবী রহ.
SC81055,"কাসাসুল কুরআন-৬ (হযরত সুলাইমান, আইয়ুব, ইউনুস (আ.)) /",মাওলানা হিফযুর রহমান সিওহারবী রহ.
SC81056,"কাসাসুল কুরআন-৭ (হযরত যুলকিফল, উযায়ের, যাকারিয়া, ইয়াহইয়া (আ.)) /",মাওলানা হিফযুর রহমান সিওহারবী রহ.
SC81057,কাসাসুল কুরআন-৮ (হযরত লুকমান (আ.)) /,মাওলানা হিফযুর রহমান সিওহারবী রহ.
SC81058,"কাসাসুল কুরআন - ৯ আসহাবুল কাহফ ওয়ার রাকিম এবং সাবা ও সাইলুল আরিম, আসহাবুল উখদুদ বা কওমে তুব্বা ও আসহাবুল ফিল /",মাওলানা হিফযুর রহমান সিওহারবী রহ.
SC81059,কাসাসুল কুরআন-১০ (হযরত ইসা (আ.)) /,মাওলানা হিফযুর রহমান সিওহারবী রহ.
SC81060,কাসাসুল কুরআন-১১ (হযরত মুহাম্মদ (সা.)) /,মাওলানা হিফযুর রহমান সিওহারবী রহ.
SC81030,কিমিয়ায়ে সাআদাত /,হুজ্জাতুল ইসলাম ইমাম গাযযালী রহ.
SC81031,কিমিয়ায়ে সাআদাত /,হুজ্জাতুল ইসলাম ইমাম গাযযালী রহ.
SC81032,কিমিয়ায়ে সাআদাত /,হুজ্জাতুল ইসলাম ইমাম গাযযালী রহ.
SC81033,কিমিয়ায়ে সাআদাত /,হুজ্জাতুল ইসলাম ইমাম গাযযালী রহ.
SC81034,কিমিয়ায়ে সাআদাত /,হুজ্জাতুল ইসলাম ইমাম গাযযালী রহ.
SC81035,কিমিয়ায়ে সাআদাত /,হুজ্জাতুল ইসলাম ইমাম গাযযালী রহ.
SC81036,কিমিয়ায়ে সাআদাত /,হুজ্জাতুল ইসলাম ইমাম গাযযালী রহ.
SC81037,কিমিয়ায়ে সাআদাত /,হুজ্জাতুল ইসলাম ইমাম গাযযালী রহ.
SC81066,ম্যারেজ ইন ইসলাম /,"নায়েক, ডা. জাকির"
SC81067,ম্যারেজ ইন ইসলাম /,"নায়েক, ডা. জাকির"
SC81063,আল-মুরশিদুল-আমীন /,হুজ্জাতুল ইসলাম ইমাম গাযযালী রহ.
SC81064,আল-মুরশিদুল-আমীন /,হুজ্জাতুল ইসলাম ইমাম গাযযালী রহ.
SC81061,মৃত্যু থেকে কিয়ামাত /,ইমাম বাইহাকি
SC81062,মৃত্যু থেকে কিয়ামাত /,ইমাম বাইহাকি
SC81183,আদর্শ মুসলিম /,ড. মুহাম্মদ আলী আল্‌ হাশেমী
SC81184,আদর্শ মুসলিম /,ড. মুহাম্মদ আলী আল্‌ হাশেমী
SC81073,কবর কি পহেলী রাত বা কবরের প্রথম রজনী :,মাওলানা মুহাম্মদ শহীদুল ইসলাম
SC81074,কবর কি পহেলী রাত বা কবরের প্রথম রজনী :,মাওলানা মুহাম্মদ শহীদুল ইসলাম
SC81143,নারী অধিকার বিভ্রান্তি ও ইসলাম /,"সিদ্দিকী, নঈম"
SC81144,নারী অধিকার বিভ্রান্তি ও ইসলাম /,"সিদ্দিকী, নঈম"
SC81038,প্রতিদিন একটি আয়াত /,
SC81039,প্রতিদিন একটি আয়াত /,
SC81151,লস্ট ইসলামিক হিস্ট্রি /,
SC81152,লস্ট ইসলামিক হিস্ট্রি /,
SC81093,দিওয়ান-ই-শামস-ই-তাবরিজ /,মাওলানা জালাল উদ্দিন রূমী (রহঃ)
SC81094,দিওয়ান-ই-শামস-ই-তাবরিজ /,মাওলানা জালাল উদ্দিন রূমী (রহঃ)
SC81096,মুজাররদ :,"হক, মুহাম্মদ সৈয়দুল"
SC81097,মুজাররদ :,"হক, মুহাম্মদ সৈয়দুল"
SC81260,আল-আদাবুল মুফরাদ /,ইমাম মুহাম্মদ ইবনে ইসমাইল বোখারী (র)
SC81261,আল-আদাবুল মুফরাদ /,ইমাম মুহাম্মদ ইবনে ইসমাইল বোখারী (র)
SC81282,বুক অব ইসলামিক নলেজ /,"মোহন, ইকবাল কবীর"
SC81283,বুক অব ইসলামিক নলেজ /,"মোহন, ইকবাল কবীর"
SC81088,সীরাতুন নবী (সা.) - প্রথম খণ্ড /,মাওলানা হাকীম মুহাম্মদ আখতার ছাহেব (রহ.)
SC81089,সীরাতুন নবী (সা.) - চতুর্থ খণ্ড /,মাওলানা হাকীম মুহাম্মদ আখতার ছাহেব (রহ.)
SC81090,সীরাতুন নবী (সা.) - চতুর্থ খণ্ড /,মাওলানা হাকীম মুহাম্মদ আখতার ছাহেব (রহ.)
SC81266,আল ফিকহুল আকবর /,মাওলানা হাকীম মুহাম্মদ আখতার ছাহেব (রহ.)
SC81267,আল ফিকহুল আকবর /,মাওলানা হাকীম মুহাম্মদ আখতার ছাহেব (রহ.)
SC81264,হাদীসের নামে জালিয়াতি /,
SC81265,হাদীসের নামে জালিয়াতি /,
SC81262,আল আযকার /,
SC81263,আল আযকার /,
SC81288,অহীর আয়নায় পরকাল /,
SC81289,অহীর আয়নায় পরকাল /,
SC81276,নবীদের সংগ্রামী জীবন /,মাওলানা আবদুস শহীদ নাসিম
SC81277,নবীদের সংগ্রামী জীবন /,মাওলানা আবদুস শহীদ নাসিম
SC81284,রূহের রহস্য /,
SC81285,রূহের রহস্য /,
SC81278,ইসলামের রাষ্ট্রব্যবস্থা /,
SC81279,ইসলামের রাষ্ট্রব্যবস্থা /,
SC81286,লা-তাহ্‌যান :,"কারণী, আইদ আল"
SC81287,লা-তাহ্‌যান :,"কারণী, আইদ আল"
SC81258,আল-কুরআনে রাষ্ট্র ও সরকার /,"রহীম, মাওলানা মুহাম্মাদ আবদুর"
SC81259,আল-কুরআনে রাষ্ট্র ও সরকার /,"রহীম, মাওলানা মুহাম্মাদ আবদুর"
SC81270,"কুরআন-সুন্নাহর আলোকে পোশাক, পর্দা ও দেহ-সজ্জা /","জাহাঙ্গীর, খোন্দকার আব্দুল্লাহ"
SC81271,"কুরআন-সুন্নাহর আলোকে পোশাক, পর্দা ও দেহ-সজ্জা /","জাহাঙ্গীর, খোন্দকার আব্দুল্লাহ"
SC81272,ইসলামের নামে জঙ্গীবাদ :,"জাহাঙ্গীর, খোন্দকার আব্দুল্লাহ"
SC81273,ইসলামের নামে জঙ্গীবাদ :,"জাহাঙ্গীর, খোন্দকার আব্দুল্লাহ"
SC81274,কুরআন বুঝার প্রথম পাঠ /,"নাসিম, আবদুস শহীদ"
SC81275,কুরআন বুঝার প্রথম পাঠ /,"নাসিম, আবদুস শহীদ"
SC81091,কিয়ামতের আলামত বিষয়ে রাসূলুল্লাহ (সা.)-এর ভবিষ্যত বাণী /,"কীলানী, মাওলানা মুহাম্মদ ইকবাল"
SC81092,কিয়ামতের আলামত বিষয়ে রাসূলুল্লাহ (সা.)-এর ভবিষ্যত বাণী /,"কীলানী, মাওলানা মুহাম্মদ ইকবাল"
SC81086,কিতাবুস সালাত /,"চৌধুরী, সৈয়দ আহমদ"
SC81087,কিতাবুস সালাত /,"চৌধুরী, সৈয়দ আহমদ"
SC81250,ইসলামের যাকাত বিধান-প্রথম খণ্ড /,ড. ইউসুফ আল কারজাভি
SC81251,ইসলামের যাকাত বিধান-দ্বিতীয় খণ্ড /,ড. ইউসুফ আল কারজাভি
SC81165,আত তিব্বুন নববি (সা.) :,
SC81166,আত তিব্বুন নববি (সা.) :,
SC81098,সিরাতে ইবনে হিশাম /,
SC81099,সিরাতে ইবনে হিশাম /,
SC81046,পথের শেষে :,হুজ্জাতুল ইসলাম ইমাম গাযযালী রহ
SC81047,পথের শেষে :,হুজ্জাতুল ইসলাম ইমাম গাযযালী রহ
SC81048,দাকায়েকুল আখবার :,হুজ্জাতুল ইসলাম ইমাম গাযযালী রহ
SC81049,দাকায়েকুল আখবার :,হুজ্জাতুল ইসলাম ইমাম গাযযালী রহ
SC81068,হুসনে আখলাক /,হুজ্জাতুল ইসলাম ইমাম গাযযালী রহ
SC81069,হুসনে আখলাক /,হুজ্জাতুল ইসলাম ইমাম গাযযালী রহ
SC81119,দি ইন্ডিয়ান মুসলমানস /,"হান্টার, ডব্লিউ ডব্লিউ"
SC81120,দি ইন্ডিয়ান মুসলমানস /,"হান্টার, ডব্লিউ ডব্লিউ"
SC81290,খুন রাঙা পথ /,"হিজাযী, নসীম"
SC81291,খুন রাঙা পথ /,"হিজাযী, নসীম"
SC81294,ভেঙ্গে গেল তলোয়ার /,"হিজাযী, নসীম"
SC81295,ভেঙ্গে গেল তলোয়ার /,"হিজাযী, নসীম"
SC81292,আরাকানের মুসলমানদের ইতিহাস /,"আখন্দ, মাহফুজুর রহমান"
SC81293,আরাকানের মুসলমানদের ইতিহাস /,"আখন্দ, মাহফুজুর রহমান"
SC81041,প্রফেশনাল ইথিকস ইন ইসলাম :,"নায়েক, ডা. জাকির"
SC81042,প্রফেশনাল ইথিকস ইন ইসলাম :,"নায়েক, ডা. জাকির"
SC81157,বিশ্বায়ন তাগুত খিলাফাহ্ /,
SC81158,বিশ্বায়ন তাগুত খিলাফাহ্ /,
SC81075,ক্যারিয়ার গঠন ও দক্ষতা উন্নয়ন /,"ইউনুছ, আব্দুদ্দাইয়ান মুহাম্মদ"
SC81076,ক্যারিয়ার গঠন ও দক্ষতা উন্নয়ন /,"ইউনুছ, আব্দুদ্দাইয়ান মুহাম্মদ"
SC81155,পরিবার ও পারিবারিক জীবন /,"রহীম, মুহাম্মদ আব্দুর."
SC81156,পরিবার ও পারিবারিক জীবন /,"রহীম, মুহাম্মদ আব্দুর."
SC81149,রাসূল (সা.)-এর ২৪ ঘন্টার আমল /,ইমাম মুহিউদ্দীন ইয়াহইয়া আন-নববী (রহ.)
SC81150,রাসূল (সা.)-এর ২৪ ঘন্টার আমল /,ইমাম মুহিউদ্দীন ইয়াহইয়া আন-নববী (রহ.)
SC81301,দুর্বিন শাহ সমগ্র /,
SC81302,দুর্বিন শাহ সমগ্র /,
SC81268,কুরআন ও সহীহ হাদীসের আলোকে ফাযায়িলে আ'মাল /,
SC81269,কুরআন ও সহীহ হাদীসের আলোকে ফাযায়িলে আ'মাল /,
SC81133,ইসলাম ও অর্থনৈতিক চ্যালেঞ্জ /,"চাপরা, মুহাম্মাদ উমর"
SC81134,ইসলাম ও অর্থনৈতিক চ্যালেঞ্জ /,"চাপরা, মুহাম্মাদ উমর"
SC81084,প্রিয় নবী সাল্লাল্লাহু আলাইহি ওয়াসাল্লাম-এর প্রিয় সুন্নত /,মাওলানা হাকীম মুহাম্মদ আখতার ছাহেব (রহ.)
SC81085,প্রিয় নবী সাল্লাল্লাহু আলাইহি ওয়াসাল্লাম-এর প্রিয় সুন্নত /,মাওলানা হাকীম মুহাম্মদ আখতার ছাহেব (রহ.)
SC81044,কুরান ও আধুনিক বিজ্ঞান /,"নায়েক, জাকির"
SC81045,কুরান ও আধুনিক বিজ্ঞান /,"নায়েক, জাকির"
SC81135,সাইন্টিফিক আল কুরআন /,"উদ্দিন, মোহাম্মদ নাছের"
SC81136,সাইন্টিফিক আল কুরআন /,"উদ্দিন, মোহাম্মদ নাছের"
SC81077,ম্যাসেজ :,"আজহারি, মিজানুর রহমান"
SC81078,ম্যাসেজ :,"আজহারি, মিজানুর রহমান"
SC81296,মুহম্মদ ইবন কাসিম /,"হিজাযী, নসীম"
SC81297,মুহম্মদ ইবন কাসিম /,"হিজাযী, নসীম"
SC81280,ইসলামী ব্যাংকের ইতিহাস ইসলামী অর্থনীতি ও ব্যাংকিং /,"কামরুজ্জামান, মুহা."
SC81281,ইসলামী ব্যাংকের ইতিহাস ইসলামী অর্থনীতি ও ব্যাংকিং /,"কামরুজ্জামান, মুহা."
SC81129,Science Of DaWah /,Shaikh Akhlaque-E-Rasul
SC81130,Science Of DaWah /,Shaikh Akhlaque-E-Rasul
SC81159,মক্কার পথ /,"আসাদ , আল্লামা মুহাম্মদ"
SC81160,মক্কার পথ /,"আসাদ , আল্লামা মুহাম্মদ"
SC81112,মস্তিষ্কের মালিকানা /,"হামিদ, মো: আব্দুল."
SC81113,মস্তিষ্কের মালিকানা /,"হামিদ, মো: আব্দুল."
SC81167,তাসাওউফ ও আত্মশুদ্ধি :,শাইখুল ইসলাম মুফতী মুহাম্মাদ তাকী উসমানী
SC81168,তাসাওউফ ও আত্মশুদ্ধি :,শাইখুল ইসলাম মুফতী মুহাম্মাদ তাকী উসমানী
SC81015,নবীদের ওয়ারিশ /,মাওলানা আবদুস শহীদ নাসিম
SC81016,নবীদের ওয়ারিশ /,মাওলানা আবদুস শহীদ নাসিম
SC81161,বাংলার মুসলমানদের ইতিহাস /,"খান, আব্বাস আলী"
SC81162,বাংলার মুসলমানদের ইতিহাস /,"খান, আব্বাস আলী"
SC81298,সিলেটের শত গুনীজন /,"বাবু, সৈয়দ কামাল আহমদ"
SC81299,সিলেটের শত গুনীজন /,"বাবু, সৈয়দ কামাল আহমদ"
SC81163,"বাইবেল, কুরআন ও বিজ্ঞান :","বাবু, সৈয়দ কামাল আহমদ"
SC81164,"বাইবেল, কুরআন ও বিজ্ঞান :","বাবু, সৈয়দ কামাল আহমদ"
SC81252,কুরআন সুন্নাহর আলোকে ইসলামী আকীদা /,"জাহাঙ্গীর,খোন্দকার আব্দুল্লাহ"
SC81043,বাইবেল কোরআন ও বিজ্ঞান /,"বুকাইলি, মরিস"
SC81065,এহইয়াউ উলুমিদ্দীন :,"জাহাঙ্গীর,খোন্দকার আব্দুল্লাহ"
SC81246,বিষয় ভিত্তিক তাফসীরুল কুরআন বিল কুরআন /,"আলী, শাইখ আবদুর রহমান বিন মুবারক"
SC81300,শ্রীহট্টে ইসলাম জ্যোতি /,"জাহাঙ্গীর,খোন্দকার আব্দুল্লাহ"
SC81305,মৌলভীবাজারে ইসলাম এবং আলেমদের জীবন ও কর্ম /,"হোসাইন, নুহ বিন"
SC81257,বুলুগুল মারাম /,"আসকালানি, ইমাম ইবন হাজার"
SC81247,হাদীস সংকলনের ইতিহাস /,"রহীম, মাওলানা মুহাম্মাদ আবদুর"
SC81248,মানবতার বন্ধু মুহাম্মদ রসূলুল্লাহ সা. /,"সিদ্দিকী, নঈম"
SC81249,মানবতার বন্ধু মুহাম্মদ রসূলুল্লাহ সা. /,"কারজাভি, ইউসুফ আল"
SC81072,এক নজরে কুরআন /,"আজহারি, মিজানুর রহমান"
SC81256,তাবিয়িদের চোখে দুনিয়া /,"হাম্বাল, ইমাম আহমাদ ইবনু"
SC81254,রাসূলের চোখে দুনিয়া /,"হাম্বাল, ইমাম আহমাদ ইবনু"
SC81255,সাহাবিদের চোখে দুনিয়া / | 1st ed.,"হাম্বাল, ইমাম আহমাদ ইবনু"
SC81253,রাহে বেলায়াত / | 7th ed.,"জাহাঙ্গীর, খোন্দকার আব্দুল্লাহ"
SC81303,হযরত শাহ্‌ জালাল (রা.): | 1st ed.,"হক, মোঃ জিয়াউল"
SC81304,মুন্সী সাদেক আলীর কেতাব হালতুননবী / | 3rd ed.,"সেলিম, মোস্তফা"
SC81017,সালাফদের ইলমী শ্রেষ্ঠত্ব /,"হাম্বলী, ইমাম ইবনে রজব আল"
SC81100,সুদ হারাম :,"পাটোয়ারী, মোহাইমিন"
SC81018,ফাহমুস সালাফ :,"সিফাত, ইফতেখার"
SC81079,মুক্তিযুদ্ধের বয়ানে ইসলাম /,"ভট্টাচার্য, পিনাকী"
SC81012,উত্তরসূরি/,"ইসলাম, মো. আরিফুল"
SC81029,প্রশ্নোত্তরে রমজানের ত্রিশ শিক্ষা /,"নায়েক, ডা. জাকির"
SC81028,কবীরা গুনাহ/,"জাওযিয়্যাহ, ইমাম ইবনু কায়্যিমিল"
SC81026,আমলে নাজাত/,শাইখ আব্দুল হামীদ আল-ফাইযী আল-মাদানী
SC81025,শুআবুল ঈমান :,"বায়হাকী, ইমাম"
SC81020,কিতাবুত তাওহীদ /,"ওহাব, মুহাম্মদ বিন আব্দুল"
SC81019,জ্ঞানের পথে চলার বাঁকে/,"জাইদ, বাক্‌র আবু"
SC81040,কোরআন ও বিজ্ঞান/,"আহমদ, মোস্তাক"
SC81095,দেওয়ানে শামসে তাবরীয /,"রূমী, মাওলানা জালাল উদ্দিন"
SC81507,একশ বছরের রাজনীতি/,"আসাদ, আবুল"
SC81508,একশ বছরের রাজনীতি/,"আসাদ, আবুল"
SC81485,জান্নাতী ২০ সাহাবী :,"কাসেম গাজী, মুফতি মুহাম্মদ আবুল"
SC81486,জান্নাতী ২০ সাহাবী :,"কাসেম গাজী, মুফতি মুহাম্মদ আবুল"
SC81487,জান্নাতী ২০ রমণী /,"বেগম, মুয়াল্লীমা মোরশেদা"
SC81488,জান্নাতী ২০ রমণী /,"বেগম, মুয়াল্লীমা মোরশেদা"
SC81491,৩৬৫ দিনের ডায়েরী /,"উদ্দিন, মো: নিজাম"
SC81492,৩৬৫ দিনের ডায়েরী /,"উদ্দিন, মো: নিজাম"
SC81489,রাসুলুল্লাহ (স.) এর স্ত্রীগণ যেমন ছিলেন /,"বেগম, মুয়াল্লীমা মোরশেদা"
SC81490,রাসুলুল্লাহ (স.) এর স্ত্রীগণ যেমন ছিলেন /,"বেগম, মুয়াল্লীমা মোরশেদা"
SC81479,ইউসুফ বিন তাশফিন /,"হিজাযী, নসীম"
SC81480,ইউসুফ বিন তাশফিন /,"হিজাযী, নসীম"
SC81481,সীমান্ত ঈগল/,"হিজাযী, নসীম"
SC81482,সীমান্ত ঈগল/,"হিজাযী, নসীম"
SC81473,হেজাযের কাফেলা /,"হিজাযী, নসীম"
SC81474,হেজাযের কাফেলা /,"হিজাযী, নসীম"
SC81483,আঁধার রাতের মুসাফির/,"হিজাযী, নসীম"
SC81484,আঁধার রাতের মুসাফির/,"হিজাযী, নসীম"
SC81475,মরণজয়ী/,"হিজাযী, নসীম"
SC81476,মরণজয়ী/,"হিজাযী, নসীম"
SC81477,শেষ প্রান্তর /,"হিজাযী, নসীম"
SC81478,শেষ প্রান্তর /,"হিজাযী, নসীম"
SC81472,কায়সার ও কিসরা /,"হিজাযী, নসীম"
SC81496,পবিত্র কুর’আনে জেরুজালেম :,"হোসেন, ইমরান নযর"
SC81495,পবিত্র কুর’আনে জেরুজালেম :,"হোসেন, ইমরান নযর"
SC81497,দাওয়াম:,"হোসেন, ইমরান নযর"
SC81498,দাওয়াম:,"হোসেন, ইমরান নযর"
SC81501,রাসূল (সা.) এর প্র‌্যাকটিক্যাল নামায:,"আততুওয়াইজিরী, মুহাম্মদ ইবনে ইবরাহীম"
SC81502,রাসূল (সা.) এর প্র‌্যাকটিক্যাল নামায:,"আততুওয়াইজিরী, মুহাম্মদ ইবনে ইবরাহীম"
SC81523,শরিয়ার দৃষ্টিতে রাষ্ট্র/,"আততুওয়াইজিরী, মুহাম্মদ ইবনে ইবরাহীম"
SC81524,শরিয়ার দৃষ্টিতে রাষ্ট্র/,"আততুওয়াইজিরী, মুহাম্মদ ইবনে ইবরাহীম"
SC81515,মানুষের আদি উৎস/,"বুকাইলি, ড. মরিস"
SC81516,মানুষের আদি উৎস/,"বুকাইলি, ড. মরিস"
SC81509,জীবনকে উপভোগ করুন/,"আরিফী, মুহাম্মাদ ইবনে আবদুর রহমান"
SC81510,জীবনকে উপভোগ করুন/,"আরিফী, মুহাম্মাদ ইবনে আবদুর রহমান"
SC81553,দ্যা গোল্ডেন ওয়ার্ডস :,"ইসলাম, মুহাম্মাদ জাহিদুল"
SC81554,দ্যা গোল্ডেন ওয়ার্ডস :,"ইসলাম, মুহাম্মাদ জাহিদুল"
SC81559,পয়গামে মুহাম্মদী :,"by নদভি (রহ.) , সাইয়্যেদ সুলাইমান"
SC81560,পয়গামে মুহাম্মদী :,"by নদভি (রহ.) , সাইয়্যেদ সুলাইমান"
SC81503,ফিলিস্তিনের বুকে ইজরাইল :,"পারভেজ , আসাদ"
SC81504,ফিলিস্তিনের বুকে ইজরাইল :,"পারভেজ , আসাদ"
SC81557,জীবন সায়াহ্নে মানবতার রূপ /,
SC81558,জীবন সায়াহ্নে মানবতার রূপ /,
SC81513,ওমর ইবনে আবদুল আজীজ (র.):,"নদভী, রশীদ আখতার"
SC81514,ওমর ইবনে আবদুল আজীজ (র.):,"নদভী, রশীদ আখতার"
SC81555,মাআল আইম্মাহ :,"আওদা, সালমান আল"
SC81556,মাআল আইম্মাহ :,"আওদা, সালমান আল"
SC81539,তাফসীরে সাঈদী সূরা আল - ফাতিহা /,"সাঈদী, মাওলানা দেলাওয়ার হোসাইন"
SC81540,তাফসীরে সাঈদী সূরা আল - ফাতিহা /,"সাঈদী, মাওলানা দেলাওয়ার হোসাইন"
SC81541,তাফসীরে সাঈদী সূরা আল - আসর /,"সাঈদী, মাওলানা দেলাওয়ার হোসাইন"
SC81542,তাফসীরে সাঈদী সূরা আল - আসর /,"সাঈদী, মাওলানা দেলাওয়ার হোসাইন"
SC81537,কুরআন দিয়ে কুরআন বুঝুন /,"সাঈদী, মাওলানা দেলাওয়ার হোসাইন"
SC81538,কুরআন দিয়ে কুরআন বুঝুন /,"সাঈদী, মাওলানা দেলাওয়ার হোসাইন"
SC81543,আলোচিত অভিযোগের কাঙ্ক্ষিত জবাব/,"হোসাইন, আসলাম"
SC81544,আলোচিত অভিযোগের কাঙ্ক্ষিত জবাব/,"হোসাইন, আসলাম"
SC81531,ইসলাম :,"এমেরিক, ইয়াহিয়া"
SC81532,ইসলাম :,"এমেরিক, ইয়াহিয়া"
SC81529,ইসলাম :,"এমেরিক, ইয়াহিয়া"
SC81530,ইসলাম :,"এমেরিক, ইয়াহিয়া"
SC81533,ইসলাম :,"এমেরিক, ইয়াহিয়া"
SC81534,ইসলাম :,"এমেরিক, ইয়াহিয়া"
SC81527,ইসলাম :,"এমেরিক, ইয়াহিয়া"
SC81528,ইসলাম :,"এমেরিক, ইয়াহিয়া"
SC81525,ইসলাম :,"এমেরিক, ইয়াহিয়া"
SC81526,ইসলাম :,"এমেরিক, ইয়াহিয়া"
SC81547,হাদীসের আলোকে মানব জীবন (১ম খণ্ড) /,"ইউসূফ, আবুল কালাম মুহাম্মদ"
SC81548,হাদীসের আলোকে মানব জীবন (১ম খণ্ড) /,"ইউসূফ, আবুল কালাম মুহাম্মদ"
SC81511,আল্লাহর রাসুল কিভাবে নামায পড়তেন /,"কায়্যিমিল, ইমাম হাফিয ইবনু"
SC81512,আল্লাহর রাসুল কিভাবে নামায পড়তেন /,"কায়্যিমিল, ইমাম হাফিয ইবনু"
SC81493,ইসলামী অর্থনীতি নির্বাচিত প্রবন্ধ/,"রহমান, শাহ্ মুহাম্মদ হাবীবুর"
SC81494,ইসলামী অর্থনীতি নির্বাচিত প্রবন্ধ/,"রহমান, শাহ্ মুহাম্মদ হাবীবুর"
SC81517,নামাজের ৫০০ মাসয়ালা/,"কিলানী, মুহাম্মদ ইকবাল"
SC81518,নামাজের ৫০০ মাসয়ালা/,"কিলানী, মুহাম্মদ ইকবাল"
SC81521,মুসলিম প্যারেন্টিং :,"বারী, মুহাম্মাদ আব্দুল"
SC81522,মুসলিম প্যারেন্টিং :,"বারী, মুহাম্মাদ আব্দুল"
SC81549,হাদীসের আলোকে মানব জীবন (২য় খণ্ড) /,"ইউসূফ, আবুল কালাম মুহাম্মদ"
SC81550,হাদীসের আলোকে মানব জীবন (২য় খণ্ড) /,"ইউসূফ, আবুল কালাম মুহাম্মদ"
SC81551,হাদীসের আলোকে মানব জীবন (৩য় ও ৪র্থ খণ্ড) /,"ইউসূফ, আবুল কালাম মুহাম্মদ"
SC81552,হাদীসের আলোকে মানব জীবন (৩য় ও ৪র্থ খণ্ড) /,"ইউসূফ, আবুল কালাম মুহাম্মদ"
SC81535,কুরআন ও সুন্নাহের আলোকে সগিরা গুনাহ /,"হোসাইন, মুহাম্মদ ইস্রাফিল"
SC81536,কুরআন ও সুন্নাহের আলোকে সগিরা গুনাহ /,"হোসাইন, মুহাম্মদ ইস্রাফিল"
SC81499,মুসলমানদের পতনে বিশ্ব কী হারালো? /,"নদভী রহ, মাওলানা সাইয়্যিদ আবুল হাসান আলী"
SC81500,মুসলমানদের পতনে বিশ্ব কী হারালো? /,"নদভী রহ, মাওলানা সাইয়্যিদ আবুল হাসান আলী"
SC81505,মাইলস্টোন :,"শহিদ, সাইয়িদ কুতুব"
SC81506,মাইলস্টোন :,"শহিদ, সাইয়িদ কুতুব"
SC81545,কুরআনের আলোকে মুমিনের জীবন/,"নিজামী, মতিউর রহমান"
SC81546,কুরআনের আলোকে মুমিনের জীবন/,"নিজামী, মতিউর রহমান"
SC81519,শহীদ হাসানুল বান্নার ডায়েরী/,"হামেদী, মাওলানা খলিল আহমদ"
SC81520,শহীদ হাসানুল বান্নার ডায়েরী/,"হামেদী, মাওলানা খলিল আহমদ"
